game,date,series,series_game,team,opp,result,mp,fg,fga,fgp,three,threeatt,threep,ft,fta,ftp,orb,drb,trb,ast,stl,blk,tov,pts,game_score,plus_minus
1,2006-04-22,EC1,1,CLE,WAS,W (+11),48,12,27,0.444,1,4,0.25,7,11,0.636,3,8,11,11,0,0,4,32,23.3,11
2,2006-04-25,EC1,2,CLE,WAS,L (-5),43,7,25,0.28,1,6,0.167,11,15,0.733,2,7,9,2,2,3,10,26,6.7,-2
3,2006-04-28,EC1,3,CLE,WAS,W (+1),48,16,28,0.571,3,5,0.6,6,9,0.667,1,4,5,3,2,0,4,41,27.4,1
4,2006-04-30,EC1,4,CLE,WAS,L (-10),45,13,23,0.565,7,12,0.583,5,7,0.714,1,5,6,5,0,0,7,38,23,-16
5,2006-05-03,EC1,5,CLE,WAS,W (+1),46,14,23,0.609,0,1,0,17,18,0.944,5,2,7,6,2,0,4,45,38.4,-4
6,2006-05-05,EC1,6,CLE,WAS,W (+1),53,15,25,0.6,1,6,0.167,1,3,0.333,0,7,7,7,2,1,5,32,22.8,1
7,2006-05-07,ECS,1,CLE,DET,L (-27),36,9,18,0.5,2,5,0.4,2,2,1,1,3,4,4,0,0,4,22,12.2,-31
8,2006-05-09,ECS,2,CLE,DET,L (-6),48,11,23,0.478,2,5,0.4,6,8,0.75,2,12,14,7,0,0,3,30,22.8,-4
9,2006-05-13,ECS,3,CLE,DET,W (+9),48,9,18,0.5,1,4,0.25,2,2,1,0,10,10,10,4,1,4,21,21.9,9
10,2006-05-15,ECS,4,CLE,DET,W (+2),48,8,23,0.348,1,2,0.5,5,10,0.5,1,7,8,9,2,2,8,22,10.4,2
11,2006-05-17,ECS,5,CLE,DET,W (+2),47,13,30,0.433,1,4,0.25,5,7,0.714,3,2,5,5,2,1,2,32,21.1,2
12,2006-05-19,ECS,6,CLE,DET,L (-2),48,8,20,0.4,1,5,0.2,15,18,0.833,0,11,11,5,1,1,7,32,20.7,-2
13,2006-05-21,ECS,7,CLE,DET,L (-18),47,11,24,0.458,0,4,0,5,8,0.625,3,5,8,2,1,0,3,27,15.6,-16
1,2007-04-22,EC1,1,CLE,WAS,W (+15),44,7,14,0.5,0,2,0,9,11,0.818,2,7,9,7,2,0,1,23,24.2,17
2,2007-04-25,EC1,2,CLE,WAS,W (+7),45,8,22,0.364,0,3,0,11,13,0.846,4,4,8,7,1,2,2,27,22.5,12
3,2007-04-28,EC1,3,CLE,WAS,W (+6),46,11,22,0.5,3,5,0.6,5,7,0.714,0,6,6,9,1,0,2,30,24.1,6
4,2007-04-30,EC1,4,CLE,WAS,W (+7),46,8,22,0.364,1,5,0.2,14,17,0.824,3,8,11,7,3,1,2,31,27.5,12
5,2007-05-06,ECS,1,CLE,NJN,W (+4),46,8,21,0.381,1,4,0.25,4,6,0.667,2,9,11,7,1,1,3,21,15.6,6
6,2007-05-08,ECS,2,CLE,NJN,W (+10),46,12,24,0.5,3,7,0.429,9,13,0.692,0,1,1,12,3,0,2,36,31.3,8
7,2007-05-12,ECS,3,CLE,NJN,L (-11),44,5,16,0.313,1,5,0.2,7,7,1,0,6,6,12,0,0,2,18,16.2,-12
8,2007-05-14,ECS,4,CLE,NJN,W (+2),46,9,16,0.563,2,3,0.667,10,15,0.667,0,9,9,7,0,0,3,30,24.6,9
9,2007-05-16,ECS,5,CLE,NJN,L (-11),43,5,14,0.357,0,2,0,10,11,0.909,3,6,9,5,2,1,5,20,15.3,-15
10,2007-05-18,ECS,6,CLE,NJN,W (+16),39,8,20,0.4,1,5,0.2,6,9,0.667,1,7,8,8,1,0,2,23,16.8,26
11,2007-05-21,ECF,1,CLE,DET,L (-3),45,5,15,0.333,0,0,,0,0,,1,9,10,9,4,1,2,10,13.5,-5
12,2007-05-24,ECF,2,CLE,DET,L (-3),45,7,19,0.368,0,1,0,5,7,0.714,0,6,6,7,3,0,6,19,11,-6
13,2007-05-27,ECF,3,CLE,DET,W (+6),46,12,21,0.571,2,3,0.667,6,9,0.667,1,8,9,9,2,0,3,32,28.5,6
14,2007-05-29,ECF,4,CLE,DET,W (+4),44,8,19,0.421,1,5,0.2,8,9,0.889,0,7,7,11,3,0,3,25,24.3,-4
15,2007-05-31,ECF,5,CLE,DET,W (+2),50,18,33,0.545,2,3,0.667,10,14,0.714,3,6,9,7,2,0,2,48,38.1,2
16,2007-06-02,ECF,6,CLE,DET,W (+16),46,3,11,0.273,0,2,0,14,19,0.737,2,12,14,8,2,2,3,20,22.1,13
17,2007-06-07,FIN,1,CLE,SAS,L (-9),44,4,16,0.25,2,6,0.333,4,4,1,1,6,7,4,1,1,6,14,5,-5
18,2007-06-10,FIN,2,CLE,SAS,L (-11),38,9,21,0.429,0,2,0,7,11,0.636,3,4,7,6,1,0,6,25,13.6,-5
19,2007-06-12,FIN,3,CLE,SAS,L (-3),42,9,23,0.391,0,5,0,7,8,0.875,0,8,8,7,2,1,5,25,15.9,4
20,2007-06-14,FIN,4,CLE,SAS,L (-1),46,10,30,0.333,2,7,0.286,2,6,0.333,0,6,6,10,0,0,6,24,7.8,2
1,2008-04-19,EC1,1,CLE,WAS,W (+7),41,12,19,0.632,0,2,0,8,14,0.571,0,6,6,4,1,2,1,32,26.7,9
2,2008-04-21,EC1,2,CLE,WAS,W (+30),39,9,19,0.474,2,6,0.333,10,17,0.588,1,8,9,12,1,2,1,30,29.6,34
3,2008-04-24,EC1,3,CLE,WAS,L (-36),36,10,19,0.526,0,4,0,2,4,0.5,0,7,7,3,1,1,4,22,12.6,-24
4,2008-04-27,EC1,4,CLE,WAS,W (+3),44,11,25,0.44,3,8,0.375,9,14,0.643,2,10,12,7,2,0,5,34,23.2,3
5,2008-04-30,EC1,5,CLE,WAS,L (-1),44,8,21,0.381,3,9,0.333,15,18,0.833,2,8,10,7,1,2,5,34,27.4,-3
6,2008-05-02,EC1,6,CLE,WAS,W (+17),44,8,17,0.471,1,2,0.5,10,10,1,2,11,13,13,2,1,1,27,33,26
7,2008-05-06,ECS,1,CLE,BOS,L (-4),39,2,18,0.111,0,6,0,8,10,0.8,2,7,9,9,1,1,10,12,-0.7,-7
8,2008-05-08,ECS,2,CLE,BOS,L (-16),42,6,24,0.25,0,4,0,9,13,0.692,2,3,5,6,2,1,7,21,6.8,-15
9,2008-05-10,ECS,3,CLE,BOS,W (+24),40,5,16,0.313,3,5,0.6,8,12,0.667,0,5,5,8,4,3,2,21,20.2,29
10,2008-05-12,ECS,4,CLE,BOS,W (+11),44,7,20,0.35,2,5,0.4,5,8,0.625,1,5,6,13,3,2,4,21,19.1,15
11,2008-05-14,ECS,5,CLE,BOS,L (-7),45,12,25,0.48,0,5,0,11,13,0.846,0,3,3,5,1,1,4,35,22.4,-8
12,2008-05-16,ECS,6,CLE,BOS,W (+5),47,9,23,0.391,1,3,0.333,13,15,0.867,3,9,12,6,2,1,8,32,21.6,7
13,2008-05-18,ECS,7,CLE,BOS,L (-5),47,14,29,0.483,3,11,0.273,14,19,0.737,1,4,5,6,2,0,2,45,32.8,0
1,2009-04-18,EC1,1,CLE,DET,W (+18),41,13,20,0.65,1,4,0.25,11,14,0.786,0,8,8,7,1,0,0,38,35.9,22
2,2009-04-21,EC1,2,CLE,DET,W (+12),38,7,14,0.5,2,5,0.4,13,17,0.765,1,12,13,6,0,0,2,29,26.5,21
3,2009-04-24,EC1,3,CLE,DET,W (+11),43,9,19,0.474,0,5,0,7,11,0.636,2,9,11,9,3,2,2,25,26.5,13
4,2009-04-26,EC1,4,CLE,DET,W (+21),41,10,24,0.417,0,3,0,16,17,0.941,1,12,13,8,2,1,2,36,32.2,10
5,2009-05-05,ECS,1,CLE,ATL,W (+27),34,12,20,0.6,2,6,0.333,8,9,0.889,3,7,10,3,4,0,3,34,31.7,13
6,2009-05-07,ECS,2,CLE,ATL,W (+20),31,9,14,0.643,3,5,0.6,6,12,0.5,0,3,3,5,4,1,0,27,27.1,23
7,2009-05-09,ECS,3,CLE,ATL,W (+15),43,15,25,0.6,5,10,0.5,12,16,0.75,2,10,12,8,1,1,1,47,43.8,26
8,2009-05-11,ECS,4,CLE,ATL,W (+10),43,9,22,0.409,3,6,0.5,6,9,0.667,0,8,8,8,1,0,3,27,18.8,1
9,2009-05-20,ECF,1,CLE,ORL,L (-1),41,20,30,0.667,3,6,0.5,6,10,0.6,3,3,6,8,2,3,2,49,44.7,7
10,2009-05-22,ECF,2,CLE,ORL,W (+1),43,12,23,0.522,1,3,0.333,10,12,0.833,2,2,4,5,1,0,6,35,22.2,-7
11,2009-05-24,ECF,3,CLE,ORL,L (-10),42,11,28,0.393,1,8,0.125,18,24,0.75,0,7,7,9,2,1,2,41,31.3,-12
12,2009-05-26,ECF,4,CLE,ORL,L (-2),49,13,29,0.448,4,10,0.4,14,18,0.778,1,11,12,7,1,1,8,44,27.9,6
13,2009-05-28,ECF,5,CLE,ORL,W (+10),46,11,24,0.458,0,2,0,15,19,0.789,3,11,14,12,1,1,4,37,33.3,11
14,2009-05-30,ECF,6,CLE,ORL,L (-13),45,8,20,0.4,2,8,0.25,7,11,0.636,1,6,7,7,0,1,3,25,16.1,-12
1,2010-04-17,EC1,1,CLE,CHI,W (+13),40,9,19,0.474,0,1,0,6,7,0.857,0,6,6,5,1,4,3,24,19.2,19
2,2010-04-19,EC1,2,CLE,CHI,W (+10),41,16,23,0.696,2,4,0.5,6,6,1,1,7,8,8,1,2,2,40,38.3,6
3,2010-04-22,EC1,3,CLE,CHI,L (-2),44,14,26,0.538,4,8,0.5,7,13,0.538,2,8,10,8,2,3,5,39,31.3,5
4,2010-04-25,EC1,4,CLE,CHI,W (+23),36,11,17,0.647,6,9,0.667,9,10,0.9,0,12,12,11,2,1,2,37,39.9,29
5,2010-04-27,EC1,5,CLE,CHI,W (+2),43,5,12,0.417,1,2,0.5,8,14,0.571,3,7,10,9,0,2,3,19,18.7,1
6,2010-05-01,ECS,1,CLE,BOS,W (+8),43,12,24,0.5,3,6,0.5,8,11,0.727,2,5,7,7,3,2,2,35,31.6,7
7,2010-05-03,ECS,2,CLE,BOS,L (-18),41,7,15,0.467,0,4,0,10,15,0.667,0,7,7,4,3,2,5,24,18.2,-16
8,2010-05-07,ECS,3,CLE,BOS,W (+29),39,14,22,0.636,2,3,0.667,8,9,0.889,2,6,8,7,1,2,1,38,36.9,30
9,2010-05-09,ECS,4,CLE,BOS,L (-10),43,7,18,0.389,0,5,0,8,11,0.727,1,8,9,8,2,1,7,22,13.8,-10
10,2010-05-11,ECS,5,CLE,BOS,L (-32),42,3,14,0.214,0,4,0,9,12,0.75,1,5,6,7,1,0,3,15,9.1,-22
11,2010-05-13,ECS,6,CLE,BOS,L (-9),46,8,21,0.381,2,4,0.5,9,12,0.75,3,16,19,10,3,1,9,27,22.1,-5
1,2011-04-16,EC1,1,MIA,PHI,W (+8),43,4,14,0.286,0,2,0,13,14,0.929,4,10,14,5,1,3,2,21,21.6,4
2,2011-04-18,EC1,2,MIA,PHI,W (+21),39,10,19,0.526,1,1,1,8,10,0.8,1,6,7,6,0,0,0,29,25.2,24
3,2011-04-21,EC1,3,MIA,PHI,W (+6),44,8,15,0.533,1,4,0.25,7,10,0.7,1,14,15,6,1,0,1,24,24.2,8
4,2011-04-24,EC1,4,MIA,PHI,L (-4),44,11,20,0.55,0,4,0,9,11,0.818,2,5,7,6,1,1,1,31,27.6,-4
5,2011-04-27,EC1,5,MIA,PHI,W (+6),42,5,13,0.385,2,5,0.4,4,5,0.8,3,7,10,8,1,0,3,16,15.5,5
6,2011-05-01,ECS,1,MIA,BOS,W (+9),40,8,19,0.421,1,3,0.333,5,9,0.556,1,5,6,5,2,2,3,22,15.6,1
7,2011-05-03,ECS,2,MIA,BOS,W (+11),44,14,25,0.56,2,4,0.5,5,8,0.625,2,5,7,2,1,1,0,35,26.7,10
8,2011-05-07,ECS,3,MIA,BOS,L (-16),43,6,16,0.375,0,3,0,3,7,0.429,2,5,7,4,2,5,4,15,10.6,-21
9,2011-05-09,ECS,4,MIA,BOS,W (+8),50,12,28,0.429,2,6,0.333,9,9,1,3,11,14,3,3,0,5,35,24.5,7
10,2011-05-11,ECS,5,MIA,BOS,W (+10),46,11,20,0.55,5,7,0.714,6,9,0.667,2,5,7,4,1,1,5,33,24.2,14
11,2011-05-15,ECF,1,MIA,CHI,L (-21),41,5,15,0.333,1,3,0.333,4,4,1,1,5,6,6,2,3,4,15,12.2,-14
12,2011-05-18,ECF,2,MIA,CHI,W (+10),46,12,21,0.571,2,6,0.333,3,7,0.429,3,7,10,5,3,0,5,29,22,8
13,2011-05-22,ECF,3,MIA,CHI,W (+11),44,6,13,0.462,1,2,0.5,9,9,1,1,5,6,10,2,2,0,22,26.3,16
14,2011-05-24,ECF,4,MIA,CHI,W (+8),49,11,26,0.423,0,1,0,13,13,1,2,4,6,6,2,2,5,35,24.8,-1
15,2011-05-26,ECF,5,MIA,CHI,W (+3),46,8,19,0.421,3,6,0.5,9,11,0.818,0,11,11,6,3,2,4,28,24.2,8
16,2011-05-31,FIN,1,MIA,DAL,W (+8),45,9,16,0.563,4,5,0.8,2,2,1,0,9,9,5,1,0,1,24,21,9
17,2011-06-02,FIN,2,MIA,DAL,L (-2),40,8,15,0.533,2,7,0.286,2,4,0.5,1,7,8,4,4,1,5,20,15.6,-5
18,2011-06-05,FIN,3,MIA,DAL,W (+2),45,6,14,0.429,1,4,0.25,4,4,1,0,3,3,9,2,0,4,17,13.6,1
19,2011-06-07,FIN,4,MIA,DAL,L (-3),46,3,11,0.273,0,3,0,2,4,0.5,3,6,9,7,2,0,4,8,5.9,-6
20,2011-06-09,FIN,5,MIA,DAL,L (-9),46,8,19,0.421,0,4,0,1,2,0.5,1,9,10,10,0,1,4,17,12.4,-11
21,2011-06-12,FIN,6,MIA,DAL,L (-10),40,9,15,0.6,2,5,0.4,1,4,0.25,1,3,4,6,1,1,6,21,13.6,-24
1,2012-04-28,EC1,1,MIA,NYK,W (+33),32,10,14,0.714,1,1,1,11,14,0.786,1,3,4,3,4,0,2,32,29.9,35
2,2012-04-30,EC1,2,MIA,NYK,W (+10),41,8,18,0.444,0,3,0,3,7,0.429,1,6,7,9,2,0,2,19,16.4,10
3,2012-05-03,EC1,3,MIA,NYK,W (+17),36,9,21,0.429,2,5,0.4,12,13,0.923,2,6,8,5,2,0,8,32,19.2,23
4,2012-05-06,EC1,4,MIA,NYK,L (-2),41,9,21,0.429,2,5,0.4,7,8,0.875,0,4,4,4,1,0,5,27,13.9,-7
5,2012-05-09,EC1,5,MIA,NYK,W (+12),40,7,16,0.438,2,6,0.333,13,15,0.867,1,7,8,7,2,1,4,29,25.4,6
6,2012-05-13,ECS,1,MIA,IND,W (+9),43,12,26,0.462,0,3,0,8,10,0.8,6,9,15,5,2,1,1,32,29.5,12
7,2012-05-15,ECS,2,MIA,IND,L (-3),43,10,22,0.455,0,4,0,8,13,0.615,4,5,9,5,6,0,2,28,26.4,-7
8,2012-05-17,ECS,3,MIA,IND,L (-19),40,10,22,0.455,1,4,0.25,1,3,0.333,1,6,7,3,2,0,4,22,12,-9
9,2012-05-20,ECS,4,MIA,IND,W (+8),44,14,27,0.519,0,0,,12,16,0.75,6,12,18,9,2,2,5,40,37.2,4
10,2012-05-22,ECS,5,MIA,IND,W (+32),38,12,19,0.632,2,4,0.5,4,4,1,3,7,10,8,1,1,4,30,28.6,28
11,2012-05-24,ECS,6,MIA,IND,W (+12),45,12,23,0.522,0,3,0,4,5,0.8,1,5,6,7,3,0,1,28,25,16
12,2012-05-28,ECF,1,MIA,BOS,W (+14),44,13,22,0.591,0,3,0,6,9,0.667,1,12,13,3,1,3,3,32,26.3,17
13,2012-05-30,ECF,2,MIA,BOS,W (+4),48,7,20,0.35,2,6,0.333,18,24,0.75,4,6,10,7,1,1,1,34,29.8,10
14,2012-06-01,ECF,3,MIA,BOS,L (-10),43,16,26,0.615,1,4,0.25,1,5,0.2,0,8,8,5,2,2,3,34,25.3,-6
15,2012-06-03,ECF,4,MIA,BOS,L (-2),48,12,25,0.48,1,3,0.333,4,8,0.5,1,5,6,3,1,1,7,29,11.3,1
16,2012-06-05,ECF,5,MIA,BOS,L (-4),45,11,25,0.44,2,6,0.333,6,8,0.75,3,10,13,2,2,1,3,30,21.9,0
17,2012-06-07,ECF,6,MIA,BOS,W (+19),45,19,26,0.731,2,4,0.5,5,9,0.556,2,13,15,5,0,0,4,45,36.4,22
18,2012-06-09,ECF,7,MIA,BOS,W (+13),48,9,21,0.429,1,5,0.2,12,17,0.706,2,10,12,2,1,1,3,31,22.4,13
19,2012-06-12,FIN,1,MIA,OKC,L (-11),46,11,24,0.458,1,3,0.333,7,9,0.778,1,8,9,4,4,0,4,30,22.3,-11
20,2012-06-14,FIN,2,MIA,OKC,W (+4),42,10,22,0.455,0,2,0,12,12,1,2,6,8,5,1,0,2,32,24.7,6
21,2012-06-17,FIN,3,MIA,OKC,W (+6),44,11,23,0.478,1,4,0.25,6,8,0.75,5,9,14,3,0,0,4,29,20.4,8
22,2012-06-19,FIN,4,MIA,OKC,W (+6),44,10,20,0.5,1,4,0.25,5,8,0.625,3,6,9,12,2,0,3,26,25.3,8
23,2012-06-21,FIN,5,MIA,OKC,W (+15),44,9,19,0.474,0,3,0,8,9,0.889,4,7,11,13,1,2,6,26,25.5,20
1,2013-04-21,EC1,1,MIA,MIL,W (+23),35,9,11,0.818,1,2,0.5,8,11,0.727,2,8,10,8,0,0,5,27,25.3,14
2,2013-04-23,EC1,2,MIA,MIL,W (+12),39,6,14,0.429,0,3,0,7,8,0.875,1,7,8,6,1,0,4,19,14.4,13
3,2013-04-25,EC1,3,MIA,MIL,W (+13),33,9,14,0.643,2,4,0.5,2,4,0.5,0,5,5,6,0,0,5,22,14.9,14
4,2013-04-28,EC1,4,MIA,MIL,W (+11),41,13,20,0.65,0,2,0,4,7,0.571,2,6,8,7,3,1,5,30,25.6,16
5,2013-05-06,ECS,1,MIA,CHI,L (-7),44,8,17,0.471,1,3,0.333,7,9,0.778,2,6,8,7,2,1,2,24,22.5,-15
6,2013-05-08,ECS,2,MIA,CHI,W (+37),32,7,12,0.583,1,3,0.333,4,8,0.5,0,5,5,9,3,0,3,19,19.2,25
7,2013-05-10,ECS,3,MIA,CHI,W (+10),44,6,17,0.353,2,4,0.5,11,11,1,0,8,8,7,2,0,1,25,23.8,7
8,2013-05-13,ECS,4,MIA,CHI,W (+23),43,9,20,0.45,1,4,0.25,8,9,0.889,0,7,7,8,2,0,5,27,20.9,27
9,2013-05-15,ECS,5,MIA,CHI,W (+3),44,5,14,0.357,1,3,0.333,12,15,0.8,0,7,7,8,2,0,2,23,20.5,4
10,2013-05-22,ECF,1,MIA,IND,W (+1),47,12,24,0.5,2,6,0.333,4,7,0.571,3,7,10,10,0,3,4,30,24.1,3
11,2013-05-24,ECF,2,MIA,IND,L (-4),45,14,20,0.7,3,7,0.429,5,7,0.714,4,4,8,3,3,1,5,36,30.4,-7
12,2013-05-26,ECF,3,MIA,IND,W (+18),41,8,17,0.471,0,1,0,6,6,1,0,4,4,3,0,0,0,22,16.6,22
13,2013-05-28,ECF,4,MIA,IND,L (-7),43,8,18,0.444,4,7,0.571,4,6,0.667,4,2,6,5,1,3,2,24,19.4,-3
14,2013-05-30,ECF,5,MIA,IND,W (+11),44,13,26,0.5,3,7,0.429,1,4,0.25,0,8,8,6,2,1,3,30,21.7,14
15,2013-06-01,ECF,6,MIA,IND,L (-14),42,10,21,0.476,2,4,0.5,7,8,0.875,0,7,7,6,2,1,4,29,22.1,-22
16,2013-06-03,ECF,7,MIA,IND,W (+23),41,8,17,0.471,1,2,0.5,15,16,0.938,2,6,8,4,2,1,2,32,29.2,21
17,2013-06-06,FIN,1,MIA,SAS,L (-4),42,7,16,0.438,1,5,0.2,3,4,0.75,2,16,18,10,0,0,2,18,20.4,-3
18,2013-06-09,FIN,2,MIA,SAS,W (+19),41,7,17,0.412,1,3,0.333,2,2,1,1,7,8,7,3,3,2,17,17.9,29
19,2013-06-11,FIN,3,MIA,SAS,L (-36),39,7,21,0.333,1,5,0.2,0,0,,1,10,11,5,2,0,2,15,10.3,-32
20,2013-06-13,FIN,4,MIA,SAS,W (+16),41,15,25,0.6,1,2,0.5,2,4,0.5,3,8,11,4,2,2,1,33,29.6,8
21,2013-06-16,FIN,5,MIA,SAS,L (-10),44,8,22,0.364,2,4,0.5,7,9,0.778,3,3,6,8,4,0,3,25,21.2,-9
22,2013-06-18,FIN,6,MIA,SAS,W (+3),50,11,26,0.423,1,5,0.2,9,12,0.75,4,6,10,11,3,1,6,32,25.8,-1
23,2013-06-20,FIN,7,MIA,SAS,W (+7),45,12,23,0.522,5,10,0.5,8,8,1,3,9,12,4,2,0,2,37,32.5,8
1,2014-04-20,EC1,1,MIA,CHA,W (+11),39,8,16,0.5,4,8,0.5,7,10,0.7,0,9,9,1,0,0,3,27,17.8,0
2,2014-04-23,EC1,2,MIA,CHA,W (+4),40,11,17,0.647,1,5,0.2,9,12,0.75,0,6,6,8,4,0,4,32,29.9,6
3,2014-04-26,EC1,3,MIA,CHA,W (+13),36,10,18,0.556,1,2,0.5,9,10,0.9,0,10,10,6,2,0,2,30,27.8,20
4,2014-04-28,EC1,4,MIA,CHA,W (+11),43,10,19,0.526,1,5,0.2,10,12,0.833,0,7,7,9,3,1,2,31,29.8,12
5,2014-05-06,ECS,1,MIA,BRK,W (+21),36,10,15,0.667,0,0,,2,2,1,1,4,5,3,0,0,1,22,17.7,10
6,2014-05-08,ECS,2,MIA,BRK,W (+12),39,9,18,0.5,0,3,0,4,6,0.667,0,4,4,3,2,1,2,22,15.4,6
7,2014-05-10,ECS,3,MIA,BRK,L (-14),40,8,15,0.533,3,7,0.429,9,10,0.9,0,8,8,5,1,1,2,28,25.1,-14
8,2014-05-12,ECS,4,MIA,BRK,W (+6),43,16,24,0.667,3,6,0.5,14,19,0.737,0,6,6,2,3,0,1,49,39.8,13
9,2014-05-14,ECS,5,MIA,BRK,W (+2),44,6,14,0.429,2,5,0.4,15,17,0.882,2,7,9,5,0,1,5,29,23.1,4
10,2014-05-18,ECF,1,MIA,IND,L (-11),41,11,18,0.611,1,5,0.2,2,2,1,1,9,10,5,3,0,4,25,21.5,-13
11,2014-05-20,ECF,2,MIA,IND,W (+4),42,9,18,0.5,1,5,0.2,3,6,0.5,0,7,7,6,2,3,3,22,18,4
12,2014-05-24,ECF,3,MIA,IND,W (+12),40,9,14,0.643,1,2,0.5,7,9,0.778,1,4,5,7,3,0,6,26,22,24
13,2014-05-26,ECF,4,MIA,IND,W (+12),36,13,21,0.619,2,3,0.667,4,4,1,0,10,10,5,2,0,2,32,27.8,10
14,2014-05-28,ECF,5,MIA,IND,L (-3),24,2,10,0.2,1,3,0.333,2,3,0.667,1,1,2,4,0,1,3,7,-0.1,1
15,2014-05-30,ECF,6,MIA,IND,W (+25),32,8,12,0.667,0,0,,9,9,1,1,3,4,6,1,1,2,25,24.9,27
16,2014-06-05,FIN,1,MIA,SAS,L (-15),33,9,17,0.529,2,3,0.667,5,6,0.833,3,3,6,3,3,0,4,25,20,0
17,2014-06-08,FIN,2,MIA,SAS,W (+2),38,14,22,0.636,3,3,1,4,5,0.8,2,8,10,3,2,0,4,35,27.5,11
18,2014-06-10,FIN,3,MIA,SAS,L (-19),40,9,14,0.643,2,4,0.5,2,3,0.667,1,4,5,7,5,0,7,22,18.2,-21
19,2014-06-12,FIN,4,MIA,SAS,L (-21),38,10,17,0.588,4,8,0.5,4,6,0.667,0,8,8,2,0,0,3,28,20.1,-21
20,2014-06-15,FIN,5,MIA,SAS,L (-17),41,10,21,0.476,3,9,0.333,8,9,0.889,1,9,10,5,0,2,1,31,26.8,-16
1,2015-04-19,EC1,1,CLE,BOS,W (+13),42,8,18,0.444,1,3,0.333,3,4,0.75,0,6,6,7,2,1,5,20,13.8,3
2,2015-04-21,EC1,2,CLE,BOS,W (+8),42,11,22,0.5,1,5,0.2,7,8,0.875,1,8,9,7,0,2,6,30,20.8,11
3,2015-04-23,EC1,3,CLE,BOS,W (+8),42,13,26,0.5,1,5,0.2,4,5,0.8,1,10,11,4,4,2,2,31,27.1,0
4,2015-04-26,EC1,4,CLE,BOS,W (+8),46,10,24,0.417,1,7,0.143,6,10,0.6,0,10,10,8,3,1,6,27,18.1,7
5,2015-05-04,ECS,1,CLE,CHI,L (-7),42,9,22,0.409,0,3,0,1,2,0.5,4,11,15,9,3,1,6,19,15.3,-11
6,2015-05-06,ECS,2,CLE,CHI,W (+15),34,13,29,0.448,0,2,0,7,9,0.778,3,5,8,5,2,1,2,33,24.1,31
7,2015-05-08,ECS,3,CLE,CHI,L (-3),44,8,25,0.32,1,7,0.143,10,11,0.909,2,6,8,14,1,1,7,27,18.4,1
8,2015-05-10,ECS,4,CLE,CHI,W (+2),43,10,30,0.333,1,7,0.143,4,4,1,2,12,14,8,1,2,8,25,11.4,5
9,2015-05-12,ECS,5,CLE,CHI,W (+5),41,14,24,0.583,1,5,0.2,9,12,0.75,2,10,12,6,3,3,0,38,38.1,-4
10,2015-05-14,ECS,6,CLE,CHI,W (+21),41,7,23,0.304,0,4,0,1,2,0.5,1,8,9,11,0,2,4,15,7.9,20
11,2015-05-20,ECF,1,CLE,ATL,W (+8),38,12,26,0.462,0,1,0,7,8,0.875,1,7,8,6,1,0,4,31,20,3
12,2015-05-22,ECF,2,CLE,ATL,W (+12),39,10,22,0.455,2,7,0.286,8,11,0.727,1,8,9,11,0,1,4,30,24.5,18
13,2015-05-24,ECF,3,CLE,ATL,W (+3),47,14,37,0.378,1,6,0.167,8,10,0.8,8,10,18,13,3,0,6,37,29,-3
14,2015-05-26,ECF,4,CLE,ATL,W (+30),29,10,20,0.5,2,6,0.333,1,4,0.25,0,9,9,7,2,1,1,23,20.3,20
15,2015-06-04,FIN,1,CLE,GSW,L (-8),46,18,38,0.474,2,8,0.25,6,10,0.6,0,8,8,6,0,0,4,44,24.8,-3
16,2015-06-07,FIN,2,CLE,GSW,W (+2),50,11,35,0.314,3,6,0.5,14,18,0.778,4,12,16,11,1,1,3,39,28.9,0
17,2015-06-09,FIN,3,CLE,GSW,W (+5),46,14,34,0.412,2,6,0.333,10,12,0.833,1,11,12,8,4,2,4,40,31.6,7
18,2015-06-11,FIN,4,CLE,GSW,L (-21),41,7,22,0.318,1,4,0.25,5,10,0.5,2,10,12,8,0,0,2,20,11.4,-15
19,2015-06-14,FIN,5,CLE,GSW,L (-13),45,15,34,0.441,3,8,0.375,7,9,0.778,1,13,14,11,1,0,2,40,30.7,-11
20,2015-06-16,FIN,6,CLE,GSW,L (-8),47,13,33,0.394,2,10,0.2,4,8,0.5,3,15,18,9,2,0,6,32,20.2,-3
1,2016-04-17,EC1,1,CLE,DET,W (+5),41,9,17,0.529,0,3,0,4,4,1,1,5,6,11,2,2,1,22,24.8,18
2,2016-04-20,EC1,2,CLE,DET,W (+17),40,12,18,0.667,2,4,0.5,1,3,0.333,1,5,6,3,3,0,5,27,19.5,10
3,2016-04-22,EC1,3,CLE,DET,W (+10),43,8,24,0.333,1,6,0.167,3,5,0.6,1,12,13,7,0,1,5,20,9.7,17
4,2016-04-24,EC1,4,CLE,DET,W (+2),41,9,19,0.474,1,6,0.167,3,3,1,2,9,11,6,2,0,2,22,19,5
5,2016-05-02,ECS,1,CLE,ATL,W (+11),41,11,21,0.524,2,4,0.5,1,1,1,0,7,7,9,5,1,4,25,23.6,16
6,2016-05-04,ECS,2,CLE,ATL,W (+25),28,9,15,0.6,4,6,0.667,5,9,0.556,0,4,4,5,3,0,2,27,22.6,24
7,2016-05-06,ECS,3,CLE,ATL,W (+13),39,8,16,0.5,1,4,0.25,7,9,0.778,2,11,13,8,2,0,5,24,21.7,17
8,2016-05-08,ECS,4,CLE,ATL,W (+1),38,10,23,0.435,1,5,0.2,0,3,0,5,5,10,9,2,1,6,21,14.9,2
9,2016-05-17,ECF,1,CLE,TOR,W (+31),28,11,13,0.846,0,1,0,2,4,0.5,2,4,6,4,2,1,4,24,21.4,20
10,2016-05-19,ECF,2,CLE,TOR,W (+19),34,7,13,0.538,0,2,0,9,17,0.529,1,10,11,11,3,0,2,23,25.1,16
11,2016-05-21,ECF,3,CLE,TOR,L (-15),39,9,17,0.529,1,5,0.2,5,7,0.714,4,4,8,5,2,0,2,24,21.2,-12
12,2016-05-23,ECF,4,CLE,TOR,L (-6),46,11,16,0.688,1,3,0.333,6,6,1,4,5,9,6,2,1,1,29,31.2,-3
13,2016-05-25,ECF,5,CLE,TOR,W (+38),32,10,17,0.588,2,4,0.5,1,3,0.333,0,6,6,8,2,1,2,23,21.6,32
14,2016-05-27,ECF,6,CLE,TOR,W (+26),41,13,22,0.591,3,6,0.5,4,7,0.571,2,9,11,6,1,3,3,33,29.2,22
15,2016-06-02,FIN,1,CLE,GSW,L (-15),41,9,21,0.429,2,4,0.5,3,4,0.75,4,8,12,9,2,1,4,23,20.9,-9
16,2016-06-05,FIN,2,CLE,GSW,L (-33),34,7,17,0.412,1,5,0.2,4,4,1,0,8,8,9,4,1,7,19,15.1,-20
17,2016-06-08,FIN,3,CLE,GSW,W (+30),40,14,26,0.538,1,2,0.5,3,5,0.6,2,9,11,6,1,2,5,32,23.5,24
18,2016-06-10,FIN,4,CLE,GSW,L (-11),46,11,21,0.524,1,5,0.2,2,4,0.5,4,9,13,9,2,3,7,25,21.2,-12
19,2016-06-13,FIN,5,CLE,GSW,W (+15),43,16,30,0.533,4,8,0.5,5,8,0.625,4,12,16,7,3,3,2,41,39.2,13
20,2016-06-16,FIN,6,CLE,GSW,W (+14),43,16,27,0.593,3,6,0.5,6,8,0.75,2,6,8,11,4,3,1,41,42.5,26
21,2016-06-19,FIN,7,CLE,GSW,W (+4),47,9,24,0.375,1,5,0.2,8,10,0.8,1,10,11,11,2,3,5,27,23.1,4
1,2017-04-15,EC1,1,CLE,IND,W (+1),43,12,20,0.6,2,3,0.667,6,9,0.667,1,5,6,13,3,0,3,32,31.7,5
2,2017-04-17,EC1,2,CLE,IND,W (+6),42,11,20,0.55,0,2,0,3,6,0.5,0,10,10,7,4,4,8,25,20.1,6
3,2017-04-20,EC1,3,CLE,IND,W (+5),45,14,27,0.519,6,12,0.5,7,14,0.5,1,12,13,12,1,2,3,41,35.4,13
4,2017-04-23,EC1,4,CLE,IND,W (+4),45,13,25,0.52,1,3,0.333,6,9,0.667,0,10,10,4,4,2,4,33,26.3,4
5,2017-05-01,ECS,1,CLE,TOR,W (+11),41,13,23,0.565,2,5,0.4,7,8,0.875,2,8,10,4,1,1,3,35,28.2,16
6,2017-05-03,ECS,2,CLE,TOR,W (+22),37,10,14,0.714,4,6,0.667,15,21,0.714,1,5,6,4,3,2,3,39,36,24
7,2017-05-05,ECS,3,CLE,TOR,W (+21),41,9,16,0.563,2,4,0.5,15,16,0.938,0,8,8,7,1,0,5,35,29.9,20
8,2017-05-07,ECS,4,CLE,TOR,W (+7),46,11,22,0.5,5,12,0.417,8,9,0.889,1,8,9,6,0,1,6,35,25.2,7
9,2017-05-17,ECF,1,CLE,BOS,W (+13),42,14,24,0.583,1,6,0.167,9,11,0.818,2,7,9,7,2,0,2,38,33.6,17
10,2017-05-19,ECF,2,CLE,BOS,W (+44),33,12,18,0.667,4,6,0.667,2,4,0.5,0,4,4,7,4,3,1,30,32.2,46
11,2017-05-21,ECF,3,CLE,BOS,L (-3),45,4,13,0.308,0,4,0,3,6,0.5,1,5,6,6,1,1,6,11,3.6,1
12,2017-05-23,ECF,4,CLE,BOS,W (+13),38,15,27,0.556,1,6,0.167,3,4,0.75,0,5,5,6,1,1,5,34,21.5,7
13,2017-05-25,ECF,5,CLE,BOS,W (+33),35,13,18,0.722,4,7,0.571,5,8,0.625,1,7,8,8,3,1,2,35,34.9,36
14,2017-06-01,FIN,1,CLE,GSW,L (-22),40,9,20,0.45,2,6,0.333,8,12,0.667,3,12,15,8,0,2,8,28,19.1,-22
15,2017-06-04,FIN,2,CLE,GSW,L (-19),39,12,18,0.667,1,3,0.333,4,5,0.8,0,11,11,14,3,1,4,29,32.8,-11
16,2017-06-07,FIN,3,CLE,GSW,L (-5),46,15,27,0.556,4,9,0.444,5,6,0.833,3,8,11,9,1,1,5,39,32.4,7
17,2017-06-09,FIN,4,CLE,GSW,W (+21),41,11,22,0.5,3,8,0.375,6,10,0.6,1,9,10,11,1,0,2,31,27.7,32
18,2017-06-12,FIN,5,CLE,GSW,L (-9),46,19,30,0.633,2,5,0.4,1,4,0.25,2,11,13,8,2,1,2,41,36.2,-13
1,2018-04-15,EC1,1,CLE,IND,L (-18),44,7,17,0.412,0,4,0,10,14,0.714,3,7,10,12,1,1,3,24,23.8,-13
2,2018-04-18,EC1,2,CLE,IND,W (+3),40,17,24,0.708,2,5,0.4,10,13,0.769,1,11,12,5,2,0,3,46,40.9,7
3,2018-04-20,EC1,3,CLE,IND,L (-2),42,10,22,0.455,4,7,0.571,4,6,0.667,3,9,12,8,1,1,6,28,21.5,-1
4,2018-04-22,EC1,4,CLE,IND,W (+4),46,12,22,0.545,0,5,0,8,9,0.889,2,11,13,7,0,2,1,32,29.8,3
5,2018-04-25,EC1,5,CLE,IND,W (+3),42,14,24,0.583,1,4,0.25,15,15,1,3,7,10,8,1,1,5,44,38.1,2
6,2018-04-27,EC1,6,CLE,IND,L (-34),31,7,16,0.438,3,6,0.5,5,5,1,0,5,5,7,1,2,4,22,17.2,-24
7,2018-04-29,EC1,7,CLE,IND,W (+4),43,16,25,0.64,2,3,0.667,11,15,0.733,2,6,8,7,4,0,4,45,38.8,-2
8,2018-05-01,ECS,1,CLE,TOR,W (+1),47,12,30,0.4,1,8,0.125,1,6,0.167,0,11,11,13,1,2,1,26,20.8,5
9,2018-05-03,ECS,2,CLE,TOR,W (+18),41,19,28,0.679,1,3,0.333,4,8,0.5,1,7,8,14,1,0,1,43,41.6,20
10,2018-05-05,ECS,3,CLE,TOR,W (+2),41,14,26,0.538,1,4,0.25,9,11,0.818,1,5,6,7,3,1,4,38,31,2
11,2018-05-07,ECS,4,CLE,TOR,W (+35),38,12,19,0.632,0,3,0,5,8,0.625,0,8,8,11,2,1,2,29,29.3,28
12,2018-05-13,ECF,1,CLE,BOS,L (-25),36,5,16,0.313,0,5,0,5,6,0.833,0,7,7,9,0,2,7,15,7.8,-32
13,2018-05-15,ECF,2,CLE,BOS,L (-13),39,16,29,0.552,5,11,0.455,5,10,0.5,1,9,10,12,0,1,6,42,31.4,-9
14,2018-05-19,ECF,3,CLE,BOS,W (+30),38,8,12,0.667,3,3,1,8,10,0.8,1,4,5,12,2,2,3,27,30.5,31
15,2018-05-21,ECF,4,CLE,BOS,W (+9),42,17,28,0.607,1,4,0.25,9,13,0.692,1,4,5,3,2,0,7,44,27.4,9
16,2018-05-23,ECF,5,CLE,BOS,L (-13),39,11,22,0.5,1,6,0.167,3,4,0.75,0,10,10,5,1,0,6,26,15.3,-11
17,2018-05-25,ECF,6,CLE,BOS,W (+10),46,17,33,0.515,5,7,0.714,7,11,0.636,3,8,11,9,3,1,3,46,38.8,15
18,2018-05-27,ECF,7,CLE,BOS,W (+8),48,12,24,0.5,3,8,0.375,8,11,0.727,0,15,15,9,0,2,8,35,24.4,8
19,2018-05-31,FIN,1,CLE,GSW,L (-10),48,19,32,0.594,3,7,0.429,10,11,0.909,4,4,8,8,1,1,5,51,41.3,-13
20,2018-06-03,FIN,2,CLE,GSW,L (-19),44,10,20,0.5,2,4,0.5,7,9,0.778,1,8,9,13,2,0,5,29,26.6,-18
21,2018-06-06,FIN,3,CLE,GSW,L (-8),47,13,28,0.464,1,6,0.167,6,7,0.857,3,7,10,11,2,2,4,33,28.7,-8
22,2018-06-08,FIN,4,CLE,GSW,L (-23),41,7,13,0.538,0,1,0,9,11,0.818,1,6,7,8,0,1,6,23,16.7,-21
1,2020-08-18,WC1,1,LAL,POR,L (-7),41,9,20,0.45,1,5,0.2,4,7,0.571,2,15,17,16,1,0,4,23,25.1,-3
2,2020-08-20,WC1,2,LAL,POR,W (+23),27,4,11,0.364,0,3,0,2,2,1,0,6,6,7,2,0,6,10,6.2,23
3,2020-08-22,WC1,3,LAL,POR,W (+8),34,11,18,0.611,4,8,0.5,12,17,0.706,1,11,12,8,2,0,8,38,30.2,2
4,2020-08-24,WC1,4,LAL,POR,W (+20),28,10,12,0.833,4,5,0.8,6,8,0.75,1,5,6,10,0,1,2,30,31.9,17
5,2020-08-29,WC1,5,LAL,POR,W (+9),34,14,19,0.737,4,7,0.571,4,4,1,0,10,10,10,1,1,5,36,34.6,20
6,2020-09-04,WCS,1,LAL,HOU,L (-15),37,7,15,0.467,2,7,0.286,4,5,0.8,1,7,8,7,0,2,4,20,16.2,-15
7,2020-09-06,WCS,2,LAL,HOU,W (+8),39,10,17,0.588,1,5,0.2,7,10,0.7,0,11,11,9,4,2,7,28,25.7,15
8,2020-09-08,WCS,3,LAL,HOU,W (+10),38,13,23,0.565,4,9,0.444,6,10,0.6,0,7,7,5,1,4,2,36,30.5,8
9,2020-09-10,WCS,4,LAL,HOU,W (+10),34,7,17,0.412,0,5,0,2,3,0.667,1,14,15,9,3,0,4,16,15.9,15
10,2020-09-12,WCS,5,LAL,HOU,W (+23),31,9,18,0.5,3,8,0.375,8,10,0.8,2,9,11,7,2,1,4,29,26.1,19
11,2020-09-18,WCF,1,LAL,DEN,W (+12),31,6,11,0.545,0,2,0,3,4,0.75,1,5,6,12,0,0,3,15,16.1,15
12,2020-09-20,WCF,2,LAL,DEN,W (+2),36,10,20,0.5,3,8,0.375,3,4,0.75,2,9,11,4,0,2,6,26,17.1,-9
13,2020-09-22,WCF,3,LAL,DEN,L (-8),37,14,23,0.609,1,4,0.25,1,2,0.5,1,9,10,11,2,2,6,30,27.2,2
14,2020-09-24,WCF,4,LAL,DEN,W (+6),38,7,18,0.389,1,3,0.333,11,14,0.786,1,8,9,8,0,0,0,26,22.9,8
15,2020-09-26,WCF,5,LAL,DEN,W (+10),40,15,25,0.6,1,4,0.25,7,8,0.875,3,13,16,10,1,0,2,38,37.3,12
16,2020-09-30,FIN,1,LAL,MIA,W (+18),36,9,17,0.529,2,4,0.5,5,6,0.833,1,12,13,9,1,0,2,25,24.7,10
17,2020-10-02,FIN,2,LAL,MIA,W (+10),39,14,25,0.56,3,8,0.375,2,5,0.4,2,7,9,9,1,1,0,33,30.6,7
18,2020-10-04,FIN,3,LAL,MIA,L (-11),39,9,16,0.563,1,5,0.2,6,9,0.667,1,9,10,8,0,2,8,25,17.8,-4
19,2020-10-06,FIN,4,LAL,MIA,W (+6),39,8,16,0.5,2,5,0.4,10,12,0.833,2,10,12,8,1,0,6,28,23.4,-2
20,2020-10-09,FIN,5,LAL,MIA,L (-3),42,15,21,0.714,6,9,0.667,4,6,0.667,3,10,13,7,3,0,4,40,39.1,7
21,2020-10-11,FIN,6,LAL,MIA,W (+13),41,13,20,0.65,1,5,0.2,1,4,0.25,3,11,14,10,1,0,1,28,29.2,18
